TDSFU Daily run: Mon Oct 27 17:06:46 UTC 2025 TDSFU
TDSFU Daily run: Tue Oct 28 04:36:36 UTC 2025 TDSFU
TDSFU Daily run: Wed Oct 29 04:41:57 UTC 2025 TDSFU
TDSFU Daily run: Thu Oct 30 04:35:59 UTC 2025 TDSFU
TDSFU Daily run: Fri Oct 31 04:39:33 UTC 2025 TDSFU
TDSFU Daily run: Sat Nov  1 04:34:06 UTC 2025 TDSFU
TDSFU Daily run: Sun Nov  2 04:36:02 UTC 2025 TDSFU
TDSFU Daily run: Mon Nov  3 04:42:53 UTC 2025 TDSFU
TDSFU Daily run: Tue Nov  4 04:36:51 UTC 2025 TDSFU
TDSFU Daily run: Wed Nov  5 04:37:54 UTC 2025 TDSFU
TDSFU Daily run: Thu Nov  6 04:42:14 UTC 2025 TDSFU
TDSFU Daily run: Fri Nov  7 04:37:20 UTC 2025 TDSFU
TDSFU Daily run: Sat Nov  8 04:35:01 UTC 2025 TDSFU
TDSFU Daily run: Sun Nov  9 04:35:39 UTC 2025 TDSFU
TDSFU Daily run: Mon Nov 10 04:41:39 UTC 2025 TDSFU
TDSFU Daily run: Tue Nov 11 04:39:27 UTC 2025 TDSFU
TDSFU Daily run: Wed Nov 12 04:39:01 UTC 2025 TDSFU
